customer_id,probability,model_execution_date
U_1,0.10959857013128795,2025-09-02
U_2,0.31207101702537765,2025-09-02
U_3,0.4468946521622491,2025-09-02
U_4,0.37729037873439164,2025-09-02
U_5,0.11644082696753542,2025-09-02
U_6,0.43268811413720776,2025-09-02
U_7,0.13364385229267275,2025-09-02
U_8,0.3735244478543395,2025-09-02
U_9,0.5138024553145726,2025-09-02
U_10,0.36595329442759467,2025-09-02
U_11,0.4641039811463428,2025-09-02
U_12,0.4659941724380266,2025-09-02
U_13,0.3193700616591956,2025-09-02
U_14,0.38854151628591493,2025-09-02
U_15,0.5855024085425423,2025-09-02
U_16,0.503884877841518,2025-09-02
U_17,0.38754619973774473,2025-09-02
U_18,0.42854644925983737,2025-09-02
U_19,0.4581510231953204,2025-09-02
U_20,0.44325052706428686,2025-09-02
U_21,0.41519829360273397,2025-09-02
U_22,0.08484648649891968,2025-09-02
U_23,0.27362055401042484,2025-09-02
U_24,0.45980834424339945,2025-09-02
U_25,0.0615561655682669,2025-09-02
U_26,0.395151476542984,2025-09-02
U_27,0.58032010808819,2025-09-02
U_28,0.33274032736463754,2025-09-02
U_29,0.36072437368600513,2025-09-02
U_30,0.5147272370238182,2025-09-02
U_31,0.5095133484929335,2025-09-02
U_32,0.5724876264904875,2025-09-02
U_33,0.4364206309315247,2025-09-02
U_34,0.31843619566383163,2025-09-02
U_35,0.7490321077770934,2025-09-02
U_36,0.5136442321237178,2025-09-02
U_37,0.4324452705135773,2025-09-02
U_38,0.714072127981603,2025-09-02
U_39,0.5789378705259515,2025-09-02
U_40,0.5299443021062454,2025-09-02
U_41,0.6045800967525953,2025-09-02
U_42,0.47756937425216317,2025-09-02
U_43,0.46428576232007013,2025-09-02
U_44,0.39724649548070495,2025-09-02
U_45,0.43132084950094396,2025-09-02
U_46,0.5013638017497781,2025-09-02
U_47,0.5674928172221588,2025-09-02
U_48,0.739436643028143,2025-09-02
U_49,0.5996133195266173,2025-09-02
U_50,0.24190650410463724,2025-09-02
U_51,0.6511198041975432,2025-09-02
U_52,0.4081512680174117,2025-09-02
U_53,0.4773582790219053,2025-09-02
U_54,0.33136031622134415,2025-09-02
U_55,0.09330453516926375,2025-09-02
U_56,0.479813129058234,2025-09-02
U_57,0.20650697077771754,2025-09-02
U_58,0.6819284677391615,2025-09-02
U_59,0.03961638882064189,2025-09-02
U_60,0.7517925142176605,2025-09-02
U_61,0.2946611854357928,2025-09-02
U_62,0.6314415817696535,2025-09-02
U_63,0.5181647188239077,2025-09-02
U_64,0.4604341071689469,2025-09-02
U_65,0.517539334735896,2025-09-02
U_66,0.38217602840724746,2025-09-02
U_67,0.4830786411280911,2025-09-02
U_68,0.6091458142484935,2025-09-02
U_69,0.6081039206642772,2025-09-02
U_70,0.484185682633729,2025-09-02
U_71,0.489505704041705,2025-09-02
U_72,0.6261100256260023,2025-09-02
U_73,0.5257658075420205,2025-09-02
U_74,0.4440348392919767,2025-09-02
U_75,0.4020067988359171,2025-09-02
U_76,0.4474705357372032,2025-09-02
U_77,0.2888811671373681,2025-09-02
U_78,0.14660336593543447,2025-09-02
U_79,0.4501041190045071,2025-09-02
U_80,0.504622781496813,2025-09-02
U_81,0.044061589709072986,2025-09-02
U_82,0.5359370431389222,2025-09-02
U_83,0.05728252905935142,2025-09-02
U_84,0.593138716223302,2025-09-02
U_85,0.6860184742223857,2025-09-02
U_86,0.5553106987794562,2025-09-02
U_87,0.4971508679926681,2025-09-02
U_88,0.5898401056505987,2025-09-02
U_89,0.031705005758058014,2025-09-02
U_90,0.6218697252820878,2025-09-02
U_91,0.4524702594291002,2025-09-02
U_92,0.5248784667766725,2025-09-02
U_93,0.054983988401212366,2025-09-02
U_94,0.4577685265358512,2025-09-02
U_95,0.04762023069155799,2025-09-02
U_96,0.47545122441490284,2025-09-02
U_97,0.5979210199964475,2025-09-02
U_98,0.4695837197944695,2025-09-02
U_99,0.5044460369370103,2025-09-02
U_100,0.3121161481666738,2025-09-02
U_101,0.5195359849844924,2025-09-02
U_102,0.414617050037761,2025-09-02
U_103,0.6492035733096395,2025-09-02
U_104,0.4762678583156745,2025-09-02
U_105,0.06949509875798487,2025-09-02
U_106,0.7512794597525434,2025-09-02
U_107,0.29816004491828885,2025-09-02
U_108,0.6680575945079943,2025-09-02
U_109,0.4881993178725714,2025-09-02
U_110,0.7652726903881021,2025-09-02
U_111,0.2718382608305898,2025-09-02
U_112,0.441212753708312,2025-09-02
U_113,0.3659809219003326,2025-09-02
U_114,0.4970274737380591,2025-09-02
U_115,0.47271292148986904,2025-09-02
U_116,0.6833739994513863,2025-09-02
U_117,0.4747067276639122,2025-09-02
U_118,0.7448019550560927,2025-09-02
U_119,0.4118679103699311,2025-09-02
U_120,0.4900101468742946,2025-09-02
U_121,0.6972395523960948,2025-09-02
U_122,0.5937624274801659,2025-09-02
U_123,0.5951962900772463,2025-09-02
U_124,0.1735577919992461,2025-09-02
U_125,0.7239163783537916,2025-09-02
U_126,0.5605828046559574,2025-09-02
U_127,0.4691943045783908,2025-09-02
U_128,0.5529421730619125,2025-09-02
U_129,0.7424689664555645,2025-09-02
U_130,0.08584709969494386,2025-09-02
U_131,0.45119811756072864,2025-09-02
U_132,0.4130740566126251,2025-09-02
U_133,0.7429565278519245,2025-09-02
U_134,0.3417059459587674,2025-09-02
U_135,0.4795354377380332,2025-09-02
U_136,0.27339037371036345,2025-09-02
U_137,0.4903199053501811,2025-09-02
U_138,0.7645977482627317,2025-09-02
U_139,0.6539936135785842,2025-09-02
U_140,0.6449988783092848,2025-09-02
U_141,0.16876245932858033,2025-09-02
U_142,0.3092685188470827,2025-09-02
U_143,0.3656297513930482,2025-09-02
U_144,0.4907229550245166,2025-09-02
U_145,0.4480201544325046,2025-09-02
U_146,0.423521939117598,2025-09-02
U_147,0.45982218950931014,2025-09-02
U_148,0.42650829786638295,2025-09-02
U_149,0.10193134439244719,2025-09-02
U_150,0.669584867367493,2025-09-02
U_151,0.5376136603431073,2025-09-02
U_152,0.4897114688975008,2025-09-02
U_153,0.6057158425200795,2025-09-02
U_154,0.3147825337281615,2025-09-02
U_155,0.7719161469413613,2025-09-02
U_156,0.4757969502647697,2025-09-02
U_157,0.6476210349887584,2025-09-02
U_158,0.11053125045398893,2025-09-02
U_159,0.3542598746987821,2025-09-02
U_160,0.025379434671543764,2025-09-02
U_161,0.2894552932281595,2025-09-02
U_162,0.3748058110529695,2025-09-02
U_163,0.3871748282929506,2025-09-02
U_164,0.5497391080808899,2025-09-02
U_165,0.244643498768517,2025-09-02
U_166,0.3300985771333869,2025-09-02
U_167,0.5044356270957393,2025-09-02
U_168,0.5988851160254611,2025-09-02
U_169,0.07869504628102814,2025-09-02
U_170,0.6402662930175353,2025-09-02
U_171,0.474940932454183,2025-09-02
U_172,0.5923261228236125,2025-09-02
U_173,0.13616562806645613,2025-09-02
U_174,0.1475281173615133,2025-09-02
U_175,0.48985031130526757,2025-09-02
U_176,0.46609160706863406,2025-09-02
U_177,0.6937789505958977,2025-09-02
U_178,0.5822831872024542,2025-09-02
U_179,0.5900905084043954,2025-09-02
U_180,0.704969880808867,2025-09-02
U_181,0.42907931034110125,2025-09-02
U_182,0.4362054460214517,2025-09-02
U_183,0.34516598321190284,2025-09-02
U_184,0.4605802032894197,2025-09-02
U_185,0.36110823771574263,2025-09-02
U_186,0.4967207848097396,2025-09-02
U_187,0.593006282974521,2025-09-02
U_188,0.19314910037616914,2025-09-02
U_189,0.4593341256459351,2025-09-02
U_190,0.22441490563136127,2025-09-02
U_191,0.4446071811506366,2025-09-02
U_192,0.5957734930885368,2025-09-02
U_193,0.032543835737747745,2025-09-02
U_194,0.473790524869585,2025-09-02
U_195,0.7578657529612682,2025-09-02
U_196,0.5719815929588723,2025-09-02
U_197,0.3508623284556481,2025-09-02
U_198,0.3064074191127843,2025-09-02
U_199,0.1172512340126898,2025-09-02
U_200,0.42954379296023537,2025-09-02
U_201,0.4421451641928622,2025-09-02
U_202,0.6633039653792702,2025-09-02
U_203,0.47842646705178266,2025-09-02
U_204,0.283934048864719,2025-09-02
U_205,0.07081658067352556,2025-09-02
U_206,0.6451337374556517,2025-09-02
U_207,0.5620921537295771,2025-09-02
U_208,0.034430904920578494,2025-09-02
U_209,0.37554672675865336,2025-09-02
U_210,0.10606220103913856,2025-09-02
U_211,0.46092989751232155,2025-09-02
U_212,0.2792715189771923,2025-09-02
U_213,0.2212146584140116,2025-09-02
U_214,0.41302904197882195,2025-09-02
U_215,0.4409016740037132,2025-09-02
U_216,0.5119495742354521,2025-09-02
U_217,0.7073371645855334,2025-09-02
U_218,0.43711110271737935,2025-09-02
U_219,0.5867066097812474,2025-09-02
U_220,0.10105099472225423,2025-09-02
U_221,0.7214227678455998,2025-09-02
U_222,0.578221322312908,2025-09-02
U_223,0.4104724520069827,2025-09-02
U_224,0.36707071478757114,2025-09-02
U_225,0.4739059757859115,2025-09-02
U_226,0.5091357203316847,2025-09-02
U_227,0.6217273912525482,2025-09-02
U_228,0.5418345064273097,2025-09-02
U_229,0.4311043424198612,2025-09-02
U_230,0.49457821829191745,2025-09-02
U_231,0.3752335102076536,2025-09-02
U_232,0.1983764253043386,2025-09-02
U_233,0.1848834318496693,2025-09-02
U_234,0.5094485123336402,2025-09-02
U_235,0.48943399801148096,2025-09-02
U_236,0.639286800118727,2025-09-02
U_237,0.4650241939827974,2025-09-02
U_238,0.6846727318419428,2025-09-02
U_239,0.6014633236817571,2025-09-02
U_240,0.18710841329501568,2025-09-02
U_241,0.382434356063613,2025-09-02
U_242,0.06083665343174301,2025-09-02
U_243,0.2720926093711404,2025-09-02
U_244,0.28500292015033285,2025-09-02
U_245,0.5382262624114884,2025-09-02
U_246,0.46052228102792364,2025-09-02
U_247,0.6624430791397952,2025-09-02
U_248,0.0699598367417424,2025-09-02
U_249,0.01851508499313782,2025-09-02
U_250,0.5984703645213046,2025-09-02
U_251,0.13999804473124275,2025-09-02
U_252,0.4408431884865312,2025-09-02
U_253,0.3623751547406408,2025-09-02
U_254,0.035714395749217046,2025-09-02
U_255,0.7011975942233933,2025-09-02
U_256,0.5619918086411028,2025-09-02
U_257,0.574708819361938,2025-09-02
U_258,0.43429637133393273,2025-09-02
U_259,0.37746725382095564,2025-09-02
U_260,0.4067813991783439,2025-09-02
U_261,0.6323685126216215,2025-09-02
U_262,0.6473784960218373,2025-09-02
U_263,0.42273961303728247,2025-09-02
U_264,0.29539352905537497,2025-09-02
U_265,0.5006190899595047,2025-09-02
U_266,0.5552799136704881,2025-09-02
U_267,0.4287084945034444,2025-09-02
U_268,0.7894984164120937,2025-09-02
U_269,0.35873852407276047,2025-09-02
U_270,0.4798600996998288,2025-09-02
U_271,0.44825546752067796,2025-09-02
U_272,0.4926144110427,2025-09-02
U_273,0.45140416674196976,2025-09-02
U_274,0.37805437320278,2025-09-02
U_275,0.3588848389580207,2025-09-02
U_276,0.46616206231765117,2025-09-02
U_277,0.34529819811372403,2025-09-02
U_278,0.35657158063200733,2025-09-02
U_279,0.4529326777039256,2025-09-02
U_280,0.692081156773876,2025-09-02
U_281,0.4899758325446628,2025-09-02
U_282,0.47144107062271806,2025-09-02
U_283,0.729695400734198,2025-09-02
U_284,0.6005451053397349,2025-09-02
U_285,0.5765602097802981,2025-09-02
U_286,0.6770365348528533,2025-09-02
U_287,0.49396529764720004,2025-09-02
U_288,0.6164670562268288,2025-09-02
U_289,0.4764354040511601,2025-09-02
U_290,0.4094835741362215,2025-09-02
U_291,0.2315222703282285,2025-09-02
U_292,0.11080256779681236,2025-09-02
U_293,0.6482359358866767,2025-09-02
U_294,0.5694951229334048,2025-09-02
U_295,0.48459458457241833,2025-09-02
U_296,0.43190982327574035,2025-09-02
U_297,0.5259186182542932,2025-09-02
U_298,0.5501236868905806,2025-09-02
U_299,0.1082152305424107,2025-09-02
U_300,0.4344810850405929,2025-09-02
U_301,0.5110409734955141,2025-09-02
U_302,0.6714691216768103,2025-09-02
U_303,0.40690888500975503,2025-09-02
U_304,0.1254240889392108,2025-09-02
U_305,0.6096400074459645,2025-09-02
U_306,0.6337792861102632,2025-09-02
U_307,0.014482711001011363,2025-09-02
U_308,0.5990625603138624,2025-09-02
U_309,0.673542208693181,2025-09-02
U_310,0.625289046674815,2025-09-02
U_311,0.44929285643398836,2025-09-02
U_312,0.6028758162988035,2025-09-02
U_313,0.4040405922107894,2025-09-02
U_314,0.7669129189820484,2025-09-02
U_315,0.4008976711970033,2025-09-02
U_316,0.613979722960961,2025-09-02
U_317,0.7218349598505068,2025-09-02
U_318,0.7059367966771724,2025-09-02
U_319,0.6447504737158575,2025-09-02
U_320,0.345508603049217,2025-09-02
U_321,0.5927059528545943,2025-09-02
U_322,0.47791105760675284,2025-09-02
U_323,0.25419476503234495,2025-09-02
U_324,0.6177779129906552,2025-09-02
U_325,0.21760406159773987,2025-09-02
U_326,0.46120565853492385,2025-09-02
U_327,0.10342818135691928,2025-09-02
U_328,0.5838394830370214,2025-09-02
U_329,0.4193252604132657,2025-09-02
U_330,0.08118060393290079,2025-09-02
U_331,0.5943760786123432,2025-09-02
U_332,0.5948867359911291,2025-09-02
U_333,0.6399373566019029,2025-09-02
U_334,0.04427831809438469,2025-09-02
U_335,0.40976340134073147,2025-09-02
U_336,0.577728455369775,2025-09-02
U_337,0.3629444266168373,2025-09-02
U_338,0.46885486358918343,2025-09-02
U_339,0.4655623620219229,2025-09-02
U_340,0.019218811254726735,2025-09-02
U_341,0.4921416161404787,2025-09-02
U_342,0.3082698174122329,2025-09-02
U_343,0.07037422648182005,2025-09-02
U_344,0.3287168693474882,2025-09-02
U_345,0.5336826061767291,2025-09-02
U_346,0.4619591978754888,2025-09-02
U_347,0.49145557988546984,2025-09-02
U_348,0.06946627137921337,2025-09-02
U_349,0.5054231823734094,2025-09-02
U_350,0.3364198615505097,2025-09-02
U_351,0.1736159593751761,2025-09-02
U_352,0.7836399917341936,2025-09-02
U_353,0.4974753961539602,2025-09-02
U_354,0.47486077951019323,2025-09-02
U_355,0.015600727688873238,2025-09-02
U_356,0.4600756967703314,2025-09-02
U_357,0.13920155915615776,2025-09-02
U_358,0.4249584550294085,2025-09-02
U_359,0.44870241875359745,2025-09-02
U_360,0.42713124890513476,2025-09-02
U_361,0.5919768893104836,2025-09-02
U_362,0.37166737053471205,2025-09-02
U_363,0.6301838135727742,2025-09-02
U_364,0.45500017181898167,2025-09-02
U_365,0.4685953818263038,2025-09-02
U_366,0.42646835619978674,2025-09-02
U_367,0.41408544756600596,2025-09-02
U_368,0.604385386999817,2025-09-02
U_369,0.4760129682447877,2025-09-02
U_370,0.5888720030180541,2025-09-02
U_371,0.03895495050032551,2025-09-02
U_372,0.18779069602048165,2025-09-02
U_373,0.5199742404991425,2025-09-02
U_374,0.4705680402250391,2025-09-02
U_375,0.29373178883727835,2025-09-02
U_376,0.6957813985437705,2025-09-02
U_377,0.41202099490874955,2025-09-02
U_378,0.21373636284920616,2025-09-02
U_379,0.33420554669593466,2025-09-02
U_380,0.7905376202688028,2025-09-02
U_381,0.4356745673155916,2025-09-02
U_382,0.18224642376634073,2025-09-02
U_383,0.5671267300237732,2025-09-02
U_384,0.2842502142707541,2025-09-02
U_385,0.2966049814459653,2025-09-02
U_386,0.033030654717332124,2025-09-02
U_387,0.04852752854898002,2025-09-02
U_388,0.2514679423326387,2025-09-02
U_389,0.3446436282032002,2025-09-02
U_390,0.40374618942479984,2025-09-02
U_391,0.5020180303759906,2025-09-02
U_392,0.5188172598960776,2025-09-02
U_393,0.4930163675368994,2025-09-02
U_394,0.1540747867411558,2025-09-02
U_395,0.5101086624633888,2025-09-02
U_396,0.6329059999343831,2025-09-02
U_397,0.7149915456401921,2025-09-02
U_398,0.3006632558449919,2025-09-02
U_399,0.5255280281689,2025-09-02
U_400,0.5563969367456815,2025-09-02
U_401,0.3981131229653225,2025-09-02
U_402,0.5166805407082943,2025-09-02
U_403,0.09141180786535658,2025-09-02
U_404,0.26227556675404823,2025-09-02
U_405,0.520858938401055,2025-09-02
U_406,0.4669897999263656,2025-09-02
U_407,0.5487815449804029,2025-09-02
U_408,0.23171158789020865,2025-09-02
U_409,0.12790412509359192,2025-09-02
U_410,0.4637904273855182,2025-09-02
U_411,0.6459773308101087,2025-09-02
U_412,0.4454465342709111,2025-09-02
U_413,0.453489208631047,2025-09-02
U_414,0.4690779722544728,2025-09-02
U_415,0.45524203881364267,2025-09-02
U_416,0.31426268798083146,2025-09-02
U_417,0.7750453242010991,2025-09-02
U_418,0.38657134369799073,2025-09-02
U_419,0.4396486827015739,2025-09-02
U_420,0.26202548703632744,2025-09-02
U_421,0.47181842134617474,2025-09-02
U_422,0.33751159982343615,2025-09-02
U_423,0.4384148569399984,2025-09-02
U_424,0.576808868783084,2025-09-02
U_425,0.3395292473451393,2025-09-02
U_426,0.38236260346022066,2025-09-02
U_427,0.751406965137664,2025-09-02
U_428,0.4774611290158748,2025-09-02
U_429,0.7463056686763193,2025-09-02
U_430,0.4482606676145946,2025-09-02
U_431,0.4342039250798253,2025-09-02
U_432,0.4778227205590444,2025-09-02
U_433,0.3717250911122467,2025-09-02
U_434,0.7938412959072058,2025-09-02
U_435,0.532289102936659,2025-09-02
U_436,0.4382049295484083,2025-09-02
U_437,0.7699239462866092,2025-09-02
U_438,0.6627365842548472,2025-09-02
U_439,0.7368884284416334,2025-09-02
U_440,0.4379965937199855,2025-09-02
U_441,0.5082554922933327,2025-09-02
U_442,0.6999638184397124,2025-09-02
U_443,0.46141591944132365,2025-09-02
U_444,0.08703480201886919,2025-09-02
U_445,0.4632449260946689,2025-09-02
U_446,0.5036290871071272,2025-09-02
U_447,0.6878299151546104,2025-09-02
U_448,0.7090055979730494,2025-09-02
U_449,0.4391755602366057,2025-09-02
U_450,0.45381518791718034,2025-09-02
U_451,0.5270266984906031,2025-09-02
U_452,0.38609441132095534,2025-09-02
U_453,0.0938028772500757,2025-09-02
U_454,0.4900872300661528,2025-09-02
U_455,0.44637074816479877,2025-09-02
U_456,0.3201968672212536,2025-09-02
U_457,0.41206446054605,2025-09-02
U_458,0.5727844968169366,2025-09-02
U_459,0.1260960681900781,2025-09-02
U_460,0.680357912052291,2025-09-02
U_461,0.3696546346347886,2025-09-02
U_462,0.5311850031779164,2025-09-02
U_463,0.5040541349182162,2025-09-02
U_464,0.2619497241682407,2025-09-02
U_465,0.37796022442553723,2025-09-02
U_466,0.3957990595495795,2025-09-02
U_467,0.6571635696346096,2025-09-02
U_468,0.29312324309422655,2025-09-02
U_469,0.43715171186279445,2025-09-02
U_470,0.40441160406289073,2025-09-02
U_471,0.45167348208384367,2025-09-02
U_472,0.6681993739638455,2025-09-02
U_473,0.5597847765011189,2025-09-02
U_474,0.230701373752715,2025-09-02
U_475,0.31902590444673706,2025-09-02
U_476,0.6449477921046083,2025-09-02
U_477,0.4034673192378009,2025-09-02
U_478,0.7135751427363242,2025-09-02
U_479,0.6263224476359329,2025-09-02
U_480,0.4747116711893403,2025-09-02
U_481,0.3590262143955695,2025-09-02
U_482,0.24193833867194026,2025-09-02
U_483,0.21149287045151877,2025-09-02
U_484,0.3964295020743974,2025-09-02
U_485,0.6947755979950092,2025-09-02
U_486,0.4503037344802729,2025-09-02
U_487,0.09706615931477812,2025-09-02
U_488,0.44009916221289264,2025-09-02
U_489,0.4980490904032655,2025-09-02
U_490,0.5263602863294495,2025-09-02
U_491,0.33886224799235043,2025-09-02
U_492,0.673287582471502,2025-09-02
U_493,0.3463289945537114,2025-09-02
U_494,0.38953619246230453,2025-09-02
U_495,0.6344252432878488,2025-09-02
U_496,0.4547537997960066,2025-09-02
U_497,0.5007913489224977,2025-09-02
U_498,0.004020639354794028,2025-09-02
U_499,0.34387320346316547,2025-09-02
U_500,0.09800666305454139,2025-09-02
U_501,0.19322289785923913,2025-09-02
U_502,0.4666961317213631,2025-09-02
U_503,0.5700243907871354,2025-09-02
U_504,0.5994932734822838,2025-09-02
U_505,0.4867704039931864,2025-09-02
U_506,0.5251391150441281,2025-09-02
U_507,0.6063516424458855,2025-09-02
U_508,0.6095790794185769,2025-09-02
U_509,0.5489864206307089,2025-09-02
U_510,0.41318923404711566,2025-09-02
U_511,0.5889778367963588,2025-09-02
U_512,0.7934600056480825,2025-09-02
U_513,0.13253910574411668,2025-09-02
U_514,0.2958567605857079,2025-09-02
U_515,0.4191118235126272,2025-09-02
U_516,0.5330713452941279,2025-09-02
U_517,0.43767161037922864,2025-09-02
U_518,0.46964968777154165,2025-09-02
U_519,0.7113867581671937,2025-09-02
U_520,0.5852061898703946,2025-09-02
U_521,0.4912153548994785,2025-09-02
U_522,0.4726962255642142,2025-09-02
U_523,0.36032407417278517,2025-09-02
U_524,0.7317527157936968,2025-09-02
U_525,0.4929272093830297,2025-09-02
U_526,0.46364531669501136,2025-09-02
U_527,0.4091616709375995,2025-09-02
U_528,0.19083655888951212,2025-09-02
U_529,0.44232170160774237,2025-09-02
U_530,0.3627467667604789,2025-09-02
U_531,0.46253758557885544,2025-09-02
U_532,0.333801259881198,2025-09-02
U_533,0.4545529210267214,2025-09-02
U_534,0.6270049892661234,2025-09-02
U_535,0.35893088318946614,2025-09-02
U_536,0.029410066796696804,2025-09-02
U_537,0.7352191083206121,2025-09-02
U_538,0.520153390963634,2025-09-02
U_539,0.7473182050035443,2025-09-02
U_540,0.08628708079175317,2025-09-02
U_541,0.5573844597335348,2025-09-02
U_542,0.35963184220992983,2025-09-02
U_543,0.11453822592271014,2025-09-02
U_544,0.3580195418096473,2025-09-02
U_545,0.4166540383163073,2025-09-02
U_546,0.5338603651078074,2025-09-02
U_547,0.4090474595407558,2025-09-02
U_548,0.722703169690183,2025-09-02
U_549,0.3044395291349946,2025-09-02
U_550,0.3697318309796469,2025-09-02
U_551,0.13832058583922596,2025-09-02
U_552,0.1350902054087441,2025-09-02
U_553,0.6076127840054585,2025-09-02
U_554,0.19014495315149807,2025-09-02
U_555,0.6510885942867969,2025-09-02
U_556,0.5070101060127379,2025-09-02
U_557,0.6384389674747742,2025-09-02
U_558,0.32840603391622314,2025-09-02
U_559,0.47750591216768556,2025-09-02
U_560,0.25923453256520884,2025-09-02
U_561,0.39649790989233435,2025-09-02
U_562,0.25522328515278114,2025-09-02
U_563,0.5881352336234197,2025-09-02
U_564,0.47557424186533714,2025-09-02
U_565,0.6409320652299304,2025-09-02
U_566,0.5909610030992585,2025-09-02
U_567,0.5649943577692516,2025-09-02
U_568,0.33567249180458103,2025-09-02
U_569,0.41043228360163536,2025-09-02
U_570,0.38055007222563364,2025-09-02
U_571,0.5731707005260215,2025-09-02
U_572,0.46062470020904384,2025-09-02
U_573,0.4706614290011644,2025-09-02
U_574,0.1688357848287146,2025-09-02
U_575,0.5889001609858662,2025-09-02
U_576,0.09461064361621521,2025-09-02
U_577,0.3393308393881403,2025-09-02
U_578,0.5751466127657504,2025-09-02
U_579,0.23818163548107346,2025-09-02
U_580,0.48715091957611595,2025-09-02
U_581,0.4817867234960307,2025-09-02
U_582,0.548539124362149,2025-09-02
U_583,0.4555570415142303,2025-09-02
U_584,0.47651291568717274,2025-09-02
U_585,0.10746663496019253,2025-09-02
U_586,0.5379385276745827,2025-09-02
U_587,0.7569102797061951,2025-09-02
U_588,0.664280244635303,2025-09-02
U_589,0.269793816311957,2025-09-02
U_590,0.6657389046022989,2025-09-02
U_591,0.05688352652783274,2025-09-02
U_592,0.6697956048931041,2025-09-02
U_593,0.5157549471938675,2025-09-02
U_594,0.19762735804861445,2025-09-02
U_595,0.7120737647321271,2025-09-02
U_596,0.7646098478432014,2025-09-02
U_597,0.46540850780279214,2025-09-02
U_598,0.4303151051420075,2025-09-02
U_599,0.5675591473422387,2025-09-02
U_600,0.7682745076235197,2025-09-02
U_601,0.4701094651716802,2025-09-02
U_602,0.5972985918002307,2025-09-02
U_603,0.3615358018929143,2025-09-02
U_604,0.5006275552713945,2025-09-02
U_605,0.4814746831590503,2025-09-02
U_606,0.09749991016603735,2025-09-02
U_607,0.484100904418862,2025-09-02
U_608,0.5018282971528621,2025-09-02
U_609,0.6746303822904455,2025-09-02
U_610,0.5178496079389755,2025-09-02
U_611,0.650392835663003,2025-09-02
U_612,0.36030406772008977,2025-09-02
U_613,0.665517673651987,2025-09-02
U_614,0.2722825000886877,2025-09-02
U_615,0.43122367141285034,2025-09-02
U_616,0.20058456043972395,2025-09-02
U_617,0.6285245214961748,2025-09-02
U_618,0.5024173177256582,2025-09-02
U_619,0.47914691013427285,2025-09-02
U_620,0.10184992466690722,2025-09-02
U_621,0.4769364791698664,2025-09-02
U_622,0.6761244147041651,2025-09-02
U_623,0.6184153647279859,2025-09-02
U_624,0.2020357815719317,2025-09-02
U_625,0.47474424826146777,2025-09-02
U_626,0.5045597786578451,2025-09-02
U_627,0.36628681943271757,2025-09-02
U_628,0.5136023344482632,2025-09-02
U_629,0.7193992886376829,2025-09-02
U_630,0.4501157322079038,2025-09-02
U_631,0.41392596515833247,2025-09-02
U_632,0.4146669244520525,2025-09-02
U_633,0.6965894629487599,2025-09-02
U_634,0.3866912612560432,2025-09-02
U_635,0.6323738297669999,2025-09-02
U_636,0.377332604734618,2025-09-02
U_637,0.05074569690454609,2025-09-02
U_638,0.40662988953194595,2025-09-02
U_639,0.3720130930928686,2025-09-02
U_640,0.3853852298145705,2025-09-02
U_641,0.6695864573255484,2025-09-02
U_642,0.6158790837209278,2025-09-02
U_643,0.38789932331032567,2025-09-02
U_644,0.6797755663841639,2025-09-02
U_645,0.3548070524354289,2025-09-02
U_646,0.050352578095753435,2025-09-02
U_647,0.7501094060612497,2025-09-02
U_648,0.4121843316508874,2025-09-02
U_649,0.5977348323530121,2025-09-02
U_650,0.43686063295648986,2025-09-02
U_651,0.46872259673127653,2025-09-02
U_652,0.4527100407545314,2025-09-02
U_653,0.24651307817170248,2025-09-02
U_654,0.6450500695212626,2025-09-02
U_655,0.6815093216255708,2025-09-02
U_656,0.4278951323798312,2025-09-02
U_657,0.5844154581107088,2025-09-02
U_658,0.6315745980409879,2025-09-02
U_659,0.535619748902674,2025-09-02
U_660,0.5426975465005454,2025-09-02
U_661,0.33869682394099004,2025-09-02
U_662,0.6619835366440043,2025-09-02
U_663,0.6642582468892765,2025-09-02
U_664,0.37543916910943326,2025-09-02
U_665,0.6758703701776779,2025-09-02
U_666,0.2976842914803346,2025-09-02
U_667,0.4277404267421495,2025-09-02
U_668,0.5525463485324118,2025-09-02
U_669,0.5464907141189688,2025-09-02
U_670,0.49771360272839277,2025-09-02
U_671,0.5115924916350827,2025-09-02
U_672,0.6432648240179365,2025-09-02
U_673,0.06842913483648703,2025-09-02
U_674,0.06528951940894154,2025-09-02
U_675,0.39890035666330215,2025-09-02
U_676,0.10781782134740797,2025-09-02
U_677,0.7376574320055428,2025-09-02
U_678,0.6435560771283871,2025-09-02
U_679,0.4456060384292774,2025-09-02
U_680,0.7715806516513407,2025-09-02
U_681,0.39763937374883973,2025-09-02
U_682,0.651620213440174,2025-09-02
U_683,0.06761096117067669,2025-09-02
U_684,0.5576316629329809,2025-09-02
U_685,0.4297662483786658,2025-09-02
U_686,0.11411349419792108,2025-09-02
U_687,0.3180976081071357,2025-09-02
U_688,0.2860093567692175,2025-09-02
U_689,0.3756217930669102,2025-09-02
U_690,0.40925285259361927,2025-09-02
U_691,0.6544880843728799,2025-09-02
U_692,0.2122181223945984,2025-09-02
U_693,0.4046504433374137,2025-09-02
U_694,0.5034496140901489,2025-09-02
U_695,0.4061806493726258,2025-09-02
U_696,0.1313179253385588,2025-09-02
U_697,0.45642848832243943,2025-09-02
U_698,0.6832784660933132,2025-09-02
U_699,0.7166801521397126,2025-09-02
U_700,0.4739844025968801,2025-09-02
U_701,0.6126768756754704,2025-09-02
U_702,0.7137211758902645,2025-09-02
U_703,0.4128395332179186,2025-09-02
U_704,0.5443306064312604,2025-09-02
U_705,0.494804811669239,2025-09-02
U_706,0.022818808138783238,2025-09-02
U_707,0.5342494059777881,2025-09-02
U_708,0.5677514888473343,2025-09-02
U_709,0.2805741178239217,2025-09-02
U_710,0.345749032908944,2025-09-02
U_711,0.43395234017886536,2025-09-02
U_712,0.592986507024143,2025-09-02
U_713,0.49343130961682685,2025-09-02
U_714,0.6378869715817497,2025-09-02
U_715,0.5736599519546822,2025-09-02
U_716,0.6374488778319947,2025-09-02
U_717,0.4355924655130827,2025-09-02
U_718,0.5862537298144966,2025-09-02
U_719,0.03074698792755876,2025-09-02
U_720,0.39860437582591945,2025-09-02
U_721,0.4223786525913303,2025-09-02
U_722,0.43490686420677915,2025-09-02
U_723,0.4828962434191726,2025-09-02
U_724,0.4483439164412595,2025-09-02
U_725,0.5238304844047368,2025-09-02
U_726,0.5261268831049069,2025-09-02
U_727,0.49098059254896137,2025-09-02
U_728,0.2653215257347165,2025-09-02
U_729,0.5778917089168402,2025-09-02
U_730,0.5988999435769705,2025-09-02
U_731,0.6493016144952337,2025-09-02
U_732,0.5744540311050103,2025-09-02
U_733,0.42917240435096393,2025-09-02
U_734,0.5733242192987308,2025-09-02
U_735,0.5918647806643368,2025-09-02
U_736,0.5074404037675344,2025-09-02
U_737,0.4986047112396176,2025-09-02
U_738,0.48792685689648463,2025-09-02
U_739,0.6622272797798248,2025-09-02
U_740,0.417844340668653,2025-09-02
U_741,0.3824600478536182,2025-09-02
U_742,0.440476458802982,2025-09-02
U_743,0.325571931420713,2025-09-02
U_744,0.4015228193579372,2025-09-02
U_745,0.4582499458599024,2025-09-02
U_746,0.6775020690525552,2025-09-02
U_747,0.47564227307724566,2025-09-02
U_748,0.2320708446819278,2025-09-02
U_749,0.4704216548851889,2025-09-02
U_750,0.4081644544853491,2025-09-02
U_751,0.7327665492129573,2025-09-02
U_752,0.5969724564337814,2025-09-02
U_753,0.11143799708757522,2025-09-02
U_754,0.3047662313998668,2025-09-02
U_755,0.4409624511728512,2025-09-02
U_756,0.43482261065506683,2025-09-02
U_757,0.4458132120400489,2025-09-02
U_758,0.4566654407091816,2025-09-02
U_759,0.5289490579887881,2025-09-02
U_760,0.51518672759366,2025-09-02
U_761,0.5580266947661737,2025-09-02
U_762,0.49438303617453566,2025-09-02
U_763,0.6250967973591377,2025-09-02
U_764,0.33684805942073043,2025-09-02
U_765,0.02171201806050016,2025-09-02
U_766,0.022114272295916906,2025-09-02
U_767,0.5871324887312603,2025-09-02
U_768,0.2897574857806538,2025-09-02
U_769,0.6627899613653616,2025-09-02
U_770,0.588449564036811,2025-09-02
U_771,0.4369013193095423,2025-09-02
U_772,0.624946829003235,2025-09-02
U_773,0.4119550843435697,2025-09-02
U_774,0.30716583006997616,2025-09-02
U_775,0.7413940913987164,2025-09-02
U_776,0.3023606210550595,2025-09-02
U_777,0.4504260240327441,2025-09-02
U_778,0.6071590240089328,2025-09-02
U_779,0.7048053545503697,2025-09-02
U_780,0.48667414410609494,2025-09-02
U_781,0.2615603294769253,2025-09-02
U_782,0.3636343005159469,2025-09-02
U_783,0.5702944498798255,2025-09-02
U_784,0.39767237248383297,2025-09-02
U_785,0.4668644461526866,2025-09-02
U_786,0.2754627160512879,2025-09-02
U_787,0.490533914929379,2025-09-02
U_788,0.4631503221753412,2025-09-02
U_789,0.3214186930785589,2025-09-02
U_790,0.47247601435114606,2025-09-02
U_791,0.6035047074792815,2025-09-02
U_792,0.7289692117213281,2025-09-02
U_793,0.27866383050508126,2025-09-02
U_794,0.7656738661956937,2025-09-02
U_795,0.4662538208946586,2025-09-02
U_796,0.07486192561197859,2025-09-02
U_797,0.42178991591992243,2025-09-02
U_798,0.09473382890233595,2025-09-02
U_799,0.5508730460887893,2025-09-02
U_800,0.6955749377310331,2025-09-02
U_801,0.3729787385815567,2025-09-02
U_802,0.49520695962028083,2025-09-02
U_803,0.15532005637598198,2025-09-02
U_804,0.49182785319134875,2025-09-02
U_805,0.5221026729080488,2025-09-02
U_806,0.4210992384665765,2025-09-02
U_807,0.06984198309701706,2025-09-02
U_808,0.041518938290373175,2025-09-02
U_809,0.40673604514913997,2025-09-02
U_810,0.3107626034951091,2025-09-02
U_811,0.3965845695529115,2025-09-02
U_812,0.4751893493577843,2025-09-02
U_813,0.36063637024739387,2025-09-02
U_814,0.5848801204035257,2025-09-02
U_815,0.24839090633416552,2025-09-02
U_816,0.5498009378729158,2025-09-02
U_817,0.5766113884955874,2025-09-02
U_818,0.46044200810337166,2025-09-02
U_819,0.4634619696286643,2025-09-02
U_820,0.4928527378470214,2025-09-02
U_821,0.6621295377978319,2025-09-02
U_822,0.43258171776116267,2025-09-02
U_823,0.7202869854581609,2025-09-02
U_824,0.6434650288689232,2025-09-02
U_825,0.5673512540595984,2025-09-02
U_826,0.5675233569124257,2025-09-02
U_827,0.29624716504003257,2025-09-02
U_828,0.5487799221585612,2025-09-02
U_829,0.5186679087759903,2025-09-02
U_830,0.2942332416642804,2025-09-02
U_831,0.1505552668874029,2025-09-02
U_832,0.18376780557589978,2025-09-02
U_833,0.39639724043909025,2025-09-02
U_834,0.023555529097550765,2025-09-02
U_835,0.6238744729140856,2025-09-02
U_836,0.4474024746129146,2025-09-02
U_837,0.535341383090122,2025-09-02
U_838,0.6898554212547598,2025-09-02
U_839,0.2797873903641083,2025-09-02
U_840,0.5029306514355317,2025-09-02
U_841,0.4226696286779709,2025-09-02
U_842,0.4179518071930911,2025-09-02
U_843,0.43602248936008153,2025-09-02
U_844,0.591204574406762,2025-09-02
U_845,0.34115104214344005,2025-09-02
U_846,0.7378302374656223,2025-09-02
U_847,0.2307683017241524,2025-09-02
U_848,0.4515426480789364,2025-09-02
U_849,0.3944509065781808,2025-09-02
U_850,0.4864147866443281,2025-09-02
U_851,0.494964370476645,2025-09-02
U_852,0.4827993021914811,2025-09-02
U_853,0.48717920552235455,2025-09-02
U_854,0.5437771098803797,2025-09-02
U_855,0.3895587933685555,2025-09-02
U_856,0.4454954804638145,2025-09-02
U_857,0.48147973473491645,2025-09-02
U_858,0.48124759377311505,2025-09-02
U_859,0.48786416005121064,2025-09-02
U_860,0.7101978121051169,2025-09-02
U_861,0.608422838722339,2025-09-02
U_862,0.15132419634036345,2025-09-02
U_863,0.7292898664204295,2025-09-02
U_864,0.5423218433690984,2025-09-02
U_865,0.46915775290107753,2025-09-02
U_866,0.2635361391028077,2025-09-02
U_867,0.2060350300774007,2025-09-02
U_868,0.3755462707426978,2025-09-02
U_869,0.4301242523376195,2025-09-02
U_870,0.7355479966340152,2025-09-02
U_871,0.16216884023499856,2025-09-02
U_872,0.609356089945441,2025-09-02
U_873,0.6324009510986959,2025-09-02
U_874,0.1096877584120161,2025-09-02
U_875,0.1101245581119216,2025-09-02
U_876,0.4786800331400346,2025-09-02
U_877,0.7542571359207882,2025-09-02
U_878,0.49457093642145583,2025-09-02
U_879,0.21586387528664905,2025-09-02
U_880,0.3385311461404695,2025-09-02
U_881,0.43087106212984716,2025-09-02
U_882,0.5312076034772997,2025-09-02
U_883,0.76744604563949,2025-09-02
U_884,0.3424202508578477,2025-09-02
U_885,0.45514854343764616,2025-09-02
U_886,0.1598957881586333,2025-09-02
U_887,0.6363893983657258,2025-09-02
U_888,0.39177509682467054,2025-09-02
U_889,0.4434093868919645,2025-09-02
U_890,0.03348970064855652,2025-09-02
U_891,0.6477853502299719,2025-09-02
U_892,0.28211243818408327,2025-09-02
U_893,0.31723773307923114,2025-09-02
U_894,0.4376071134625178,2025-09-02
U_895,0.6263800324932658,2025-09-02
U_896,0.5801297097568443,2025-09-02
U_897,0.6912488120890957,2025-09-02
U_898,0.4983819504130779,2025-09-02
U_899,0.5126825477712975,2025-09-02
U_900,0.5313333156227293,2025-09-02
